{
    "HQ"    : [0, 4.852785, 10.0623, 14.3213, 19.4633, 24.3889, 29.3144, 34.38995, 38.9439, 43.8608, 49.4494, 53.5734, 58.2756, 63.402,  68.5284, 73.3981, 78.2677, 83.259, 88.6877, 93.19145, 100],
    "FZ"    : [0,4.63643,9.57756,14.7091,19.6745,24.6295,29.0345,33.9474,39.0132,44.1625,48.6842,53.5898,58.6011,63.4921,68.5046,73.0646,78.1015,83.4577,88.8089,94.4301,100],
    "std"   : [0,5,10,15,20,25,30,35,40,45,50,55,60,65,70,75,80,85,90,95,100],
    "custom": [0,5,10,15,20,25,30,35,40,45,50,55,60,65,70,75,80,85,90,95,100]
}